StateAbbr,PlaceName,PlaceFIPS,TractFIPS,Place_TractID,Population2010,ACCESS2_CrudePrev,ACCESS2_Crude95CI,ARTHRITIS_CrudePrev,ARTHRITIS_Crude95CI,BINGE_CrudePrev,BINGE_Crude95CI,BPHIGH_CrudePrev,BPHIGH_Crude95CI,BPMED_CrudePrev,BPMED_Crude95CI,CANCER_CrudePrev,CANCER_Crude95CI,CASTHMA_CrudePrev,CASTHMA_Crude95CI,CHD_CrudePrev,CHD_Crude95CI,CHECKUP_CrudePrev,CHECKUP_Crude95CI,CHOLSCREEN_CrudePrev,CHOLSCREEN_Crude95CI,COLON_SCREEN_CrudePrev,COLON_SCREEN_Crude95CI,COPD_CrudePrev,COPD_Crude95CI,COREM_CrudePrev,COREM_Crude95CI,COREW_CrudePrev,COREW_Crude95CI,CSMOKING_CrudePrev,CSMOKING_Crude95CI,DENTAL_CrudePrev,DENTAL_Crude95CI,DIABETES_CrudePrev,DIABETES_Crude95CI,HIGHCHOL_CrudePrev,HIGHCHOL_Crude95CI,KIDNEY_CrudePrev,KIDNEY_Crude95CI,LPA_CrudePrev,LPA_Crude95CI,MAMMOUSE_CrudePrev,MAMMOUSE_Crude95CI,MHLTH_CrudePrev,MHLTH_Crude95CI,OBESITY_CrudePrev,OBESITY_Crude95CI,PAPTEST_CrudePrev,PAPTEST_Crude95CI,PHLTH_CrudePrev,PHLTH_Crude95CI,SLEEP_CrudePrev,SLEEP_Crude95CI,STROKE_CrudePrev,STROKE_Crude95CI,TEETHLOST_CrudePrev,TEETHLOST_Crude95CI,Geolocation
MI,Detroit,2622000,26163515700,2622000-26163515700,"3,295",10.5,"( 7.7, 13.7)",41.5,"(39.4, 43.8)",12.1,"(11.7, 12.5)",55.6,"(53.5, 57.5)",86.8,"(86.1, 87.5)",9.6,"( 9.1, 10.1)",12.3,"(11.4, 13.5)",9.9,"( 8.8, 11.4)",84,"(83.3, 84.6)",85.2,"(83.3, 86.9)",71.4,"(67.1, 75.2)",9.9,"( 8.1, 12.2)",26.8,"(22.3, 31.3)",27.4,"(22.9, 31.7)",16.6,"(13.3, 20.1)",68.4,"(63.3, 73.2)",19,"(17.2, 21.1)",45.6,"(43.9, 47.2)",4.9,"( 4.5,  5.5)",28,"(24.0, 32.4)",84.9,"(82.1, 87.2)",11.5,"(10.0, 13.2)",40.1,"(38.2, 42.0)",86.4,"(83.4, 88.9)",15.9,"(13.6, 18.6)",42.8,"(40.9, 44.9)",6.4,"( 5.4,  7.7)",14.1,"( 8.2, 21.6)","(42.35211615490, -82.9859403618)"
MI,Detroit,2622000,26163507800,2622000-26163507800,772,25.2,"(21.6, 29.2)",36.9,"(35.6, 38.2)",13.7,"(13.0, 14.5)",49.6,"(48.2, 50.8)",77.7,"(76.6, 78.9)",5.7,"( 5.4,  5.9)",16.1,"(14.8, 17.5)",10.2,"( 9.4, 11.0)",76.1,"(75.1, 77.2)",67.4,"(65.0, 69.9)",50,"(45.7, 54.1)",15,"(13.5, 16.6)",20.3,"(16.5, 24.7)",18.9,"(15.7, 22.5)",36.9,"(33.7, 40.1)",39.3,"(35.5, 43.4)",20,"(18.9, 21.1)",42,"(40.4, 43.5)",5.4,"( 5.0,  5.8)",43.3,"(40.1, 46.3)",81.3,"(78.6, 83.8)",22.2,"(20.3, 24.1)",51.3,"(50.1, 52.3)",84.5,"(82.5, 86.4)",24.1,"(22.1, 26.2)",53.1,"(51.9, 54.2)",7.9,"( 7.2,  8.8)",37.2,"(29.7, 44.5)","(42.42439209420, -83.0970383726)"
MI,Detroit,2622000,26163543400,2622000-26163543400,"3,189",17.3,"(13.9, 20.9)",34.1,"(32.4, 35.7)",14.4,"(13.7, 15.0)",46.8,"(45.2, 48.5)",78.9,"(77.7, 80.0)",5.5,"( 5.3,  5.8)",14.5,"(13.4, 15.9)",7.8,"( 7.1,  8.6)",78.8,"(77.8, 79.7)",74.8,"(71.8, 77.3)",59.2,"(54.6, 63.4)",10.9,"( 9.4, 12.6)",20.4,"(16.4, 25.1)",21.9,"(17.6, 26.0)",28.1,"(24.1, 32.4)",51.9,"(46.9, 56.9)",17.9,"(16.6, 19.3)",38.7,"(37.2, 40.3)",4.5,"( 4.2,  4.9)",34.4,"(30.7, 38.4)",85,"(82.2, 87.4)",17.8,"(15.8, 20.0)",49,"(47.4, 50.6)",86.5,"(84.3, 88.6)",19,"(16.8, 21.3)",51.2,"(49.5, 52.9)",6.1,"( 5.4,  6.9)",23.8,"(16.3, 32.7)","(42.40156812430, -83.2374735987)"
MI,Detroit,2622000,26163516800,2622000-26163516800,"1,041",18.2,"(15.6, 20.6)",36.2,"(34.9, 37.4)",14.3,"(13.8, 14.9)",52.4,"(51.2, 53.4)",81.1,"(80.2, 81.9)",6.2,"( 5.9,  6.5)",13.2,"(12.4, 14.0)",9.6,"( 8.8, 10.4)",79,"(78.2, 79.6)",73.8,"(72.0, 75.8)",57.2,"(53.5, 60.6)",11.6,"(10.4, 12.8)",19.1,"(15.7, 22.8)",20,"(17.0, 23.5)",28.4,"(25.3, 31.2)",49.5,"(46.2, 53.2)",20.1,"(18.9, 21.2)",42.2,"(41.1, 43.3)",5.1,"( 4.8,  5.4)",37,"(34.1, 39.8)",84.6,"(82.3, 86.6)",16.8,"(15.5, 18.3)",49.3,"(47.9, 50.6)",85.9,"(84.2, 87.7)",19.8,"(18.1, 21.5)",50.9,"(49.5, 52.2)",7.3,"( 6.6,  8.1)",27.5,"(20.8, 35.4)","(42.35600060640, -83.0254932016)"
MI,Detroit,2622000,26163510400,2622000-26163510400,976,22.2,"(18.9, 25.5)",36.2,"(35.1, 37.5)",14.2,"(13.5, 14.9)",50.3,"(49.2, 51.4)",80,"(79.0, 80.9)",6.2,"( 5.9,  6.5)",15.5,"(14.3, 16.8)",9.5,"( 8.7, 10.3)",78.6,"(77.7, 79.6)",70.9,"(68.6, 73.3)",57.9,"(54.1, 61.5)",12.8,"(11.4, 14.2)",18.7,"(14.5, 23.1)",20.2,"(16.7, 23.5)",31.2,"(28.2, 34.0)",46.6,"(42.5, 51.1)",19.6,"(18.6, 20.6)",41.7,"(40.3, 43.2)",5,"( 4.7,  5.4)",39.4,"(36.5, 42.2)",82,"(79.1, 84.7)",19,"(17.4, 20.8)",47.9,"(47.0, 48.7)",83.5,"(81.3, 85.7)",21.1,"(19.3, 23.0)",51.7,"(50.8, 52.6)",7.4,"( 6.6,  8.2)",31,"(23.5, 38.8)","(42.41473858160, -83.0760855753)"
MI,Detroit,2622000,26163521800,2622000-26163521800,"1,216",20.3,"(16.3, 24.6)",46.5,"(44.3, 48.4)",9.4,"( 8.9,  9.9)",58.9,"(57.1, 60.5)",85.8,"(84.8, 86.6)",8,"( 7.5,  8.5)",16.1,"(14.7, 17.6)",13.7,"(12.2, 15.3)",81.9,"(81.0, 82.8)",76.6,"(74.1, 79.0)",56.2,"(50.8, 61.3)",17.2,"(14.3, 19.9)",16.9,"(12.7, 21.9)",17.4,"(13.6, 21.7)",29.5,"(24.8, 33.6)",43.2,"(38.0, 49.0)",27.4,"(25.1, 29.4)",47.5,"(45.7, 49.4)",7.4,"( 6.7,  8.1)",44.7,"(39.6, 49.0)",84.1,"(81.1, 86.8)",19.7,"(17.2, 22.0)",52.2,"(50.1, 53.9)",85.1,"(82.4, 87.7)",26,"(22.7, 29.1)",50.6,"(48.5, 52.4)",11.2,"( 9.8, 13.0)",34.2,"(23.7, 45.0)","(42.34612148010, -83.0712523180)"
MI,Detroit,2622000,26163516100,2622000-26163516100,734,18.2,"(15.4, 21.0)",37.6,"(36.4, 38.8)",13.3,"(12.8, 13.9)",53.2,"(51.9, 54.4)",81.8,"(81.0, 82.6)",6.4,"( 6.1,  6.7)",14.1,"(13.3, 15.0)",10,"( 9.2, 10.8)",79.8,"(79.0, 80.5)",74.8,"(72.9, 76.7)",55.9,"(52.2, 59.4)",12.2,"(10.8, 13.6)",19,"(15.6, 22.6)",18.9,"(16.2, 22.2)",28.1,"(25.1, 31.0)",49.2,"(45.5, 52.9)",21.1,"(19.9, 22.1)",42.3,"(41.1, 43.5)",5.4,"( 5.1,  5.8)",37.4,"(34.5, 40.2)",84.9,"(82.4, 87.0)",17.6,"(16.1, 19.0)",50,"(48.6, 51.2)",86.3,"(84.6, 87.9)",20.8,"(19.1, 22.6)",51.3,"(50.0, 52.5)",7.8,"( 7.1,  8.6)",28.5,"(21.3, 35.8)","(42.37566056730, -83.0258412996)"
MI,Detroit,2622000,26163518400,2622000-26163518400,630,22.4,"(19.0, 25.9)",39.4,"(37.9, 41.0)",13.7,"(13.2, 14.2)",52.9,"(51.4, 54.1)",80.7,"(79.8, 81.6)",6.4,"( 6.2,  6.6)",14.7,"(13.6, 15.8)",11.6,"(10.6, 12.6)",75.9,"(75.0, 76.8)",71.4,"(69.3, 73.6)",52.7,"(49.1, 56.4)",15.5,"(13.7, 17.3)",18.1,"(14.4, 22.5)",20.7,"(17.4, 24.1)",34.3,"(30.7, 37.8)",43.1,"(39.1, 47.5)",21.6,"(20.2, 22.8)",45.6,"(44.2, 46.9)",5.6,"( 5.3,  6.0)",41.6,"(38.2, 44.8)",80.1,"(77.7, 82.6)",20.3,"(18.5, 22.1)",49.9,"(48.6, 51.1)",84.2,"(82.2, 86.3)",24.2,"(21.9, 26.5)",50.7,"(49.4, 52.0)",8.3,"( 7.5,  9.2)",33.6,"(25.6, 41.7)","(42.36982865480, -83.0441079178)"
MI,Detroit,2622000,26163522200,2622000-26163522200,655,23.4,"(19.8, 27.6)",39.7,"(38.2, 41.2)",12.3,"(11.7, 13.0)",53,"(51.7, 54.3)",80.7,"(79.7, 81.7)",6,"( 5.6,  6.3)",14.7,"(13.5, 15.9)",12.3,"(11.1, 13.5)",78,"(76.9, 79.1)",71.4,"(69.1, 73.9)",50.3,"(45.3, 54.9)",15.5,"(13.6, 17.6)",16.2,"(12.7, 20.1)",16.1,"(13.0, 19.4)",34.3,"(30.4, 37.8)",38.2,"(34.0, 43.0)",24.5,"(23.0, 26.1)",43.4,"(41.8, 45.0)",6.4,"( 5.9,  6.9)",44.6,"(40.6, 47.9)",84.1,"(80.9, 86.7)",20.7,"(18.8, 22.6)",54.3,"(52.7, 55.5)",85.6,"(83.3, 87.8)",25.3,"(23.0, 27.8)",53.3,"(51.8, 54.6)",9.8,"( 8.7, 11.0)",39.1,"(29.8, 48.3)","(42.35111869720, -83.1065656019)"
MI,Detroit,2622000,26163543700,2622000-26163543700,"2,649",26,"(21.6, 30.6)",32.4,"(31.0, 33.8)",13.7,"(13.0, 14.5)",44.3,"(42.8, 45.7)",72.9,"(71.4, 74.3)",4.3,"( 4.1,  4.4)",17.2,"(15.7, 18.8)",7.6,"( 7.0,  8.1)",74.5,"(73.2, 75.6)",62.6,"(59.5, 66.0)",47.6,"(43.1, 52.2)",13.8,"(12.3, 15.5)",18.9,"(15.6, 22.3)",18,"(14.7, 21.7)",38.8,"(34.7, 42.8)",37,"(32.2, 41.6)",17.1,"(16.1, 18.1)",37.6,"(35.9, 39.3)",4.8,"( 4.4,  5.1)",42.9,"(39.1, 46.6)",82.6,"(79.9, 85.1)",24.7,"(22.3, 27.1)",52.4,"(51.0, 53.6)",85.1,"(83.0, 87.1)",23.5,"(21.4, 25.8)",54.5,"(53.0, 55.9)",6.7,"( 6.0,  7.3)",37.2,"(28.9, 45.2)","(42.38946352950, -83.2386146817)"
MI,Detroit,2622000,26163518800,2622000-26163518800,795,21.8,"(17.9, 25.9)",40,"(38.3, 41.7)",12.6,"(11.9, 13.2)",54.3,"(52.8, 55.6)",81.6,"(80.5, 82.7)",6.2,"( 5.9,  6.5)",14.9,"(13.7, 16.2)",11.7,"(10.7, 12.9)",78.3,"(77.3, 79.3)",73,"(70.8, 75.0)",51,"(46.1, 55.8)",15.1,"(13.2, 17.2)",17.8,"(13.6, 22.2)",17.3,"(14.0, 21.0)",33.3,"(29.2, 37.0)",41.5,"(37.0, 46.2)",23.5,"(22.0, 25.1)",43.9,"(42.4, 45.3)",6.1,"( 5.6,  6.6)",42.7,"(38.9, 46.3)",83.3,"(80.3, 85.9)",20.3,"(18.3, 22.2)",52.8,"(51.3, 54.1)",85.1,"(83.0, 87.1)",24.7,"(22.3, 27.3)",52.8,"(51.2, 54.2)",9.3,"( 8.2, 10.4)",35.9,"(25.7, 45.6)","(42.35970171930, -83.0372367802)"
MI,Detroit,2622000,26163543900,2622000-26163543900,901,21.3,"(17.8, 25.0)",33.8,"(32.8, 34.9)",15,"(14.3, 15.7)",43.3,"(42.2, 44.4)",75.6,"(74.6, 76.6)",5.3,"( 5.1,  5.5)",15.2,"(14.1, 16.4)",8.8,"( 8.2,  9.5)",75.4,"(74.4, 76.3)",70.2,"(67.7, 72.6)",54.4,"(50.7, 57.9)",13,"(11.8, 14.5)",19.4,"(16.0, 23.3)",20.7,"(17.6, 24.0)",33.6,"(30.6, 36.9)",44.7,"(40.6, 48.3)",17.5,"(16.7, 18.5)",38.2,"(36.9, 39.6)",4.8,"( 4.5,  5.1)",38.2,"(35.1, 41.2)",82.2,"(79.8, 84.2)",21.1,"(19.3, 23.0)",49.7,"(48.8, 50.6)",84.6,"(82.6, 86.5)",21.5,"(19.8, 23.4)",51.8,"(50.8, 52.8)",6.6,"( 6.0,  7.2)",30.4,"(23.9, 37.9)","(42.38194680420, -83.2493385150)"
MI,Detroit,2622000,26163512200,2622000-26163512200,"1,321",27.1,"(22.7, 31.6)",35.2,"(33.7, 36.6)",11.4,"(10.7, 12.2)",47.9,"(46.4, 49.4)",75.4,"(73.9, 76.8)",4.6,"( 4.3,  4.8)",17.5,"(15.9, 19.4)",9,"( 8.2,  9.7)",76.3,"(75.0, 77.6)",61.3,"(58.1, 64.6)",44.6,"(39.6, 49.0)",15.6,"(13.8, 17.5)",14,"(10.7, 17.9)",15.2,"(12.3, 18.6)",38.9,"(34.6, 43.0)",32.1,"(27.7, 36.5)",20.5,"(19.3, 21.8)",39.6,"(37.9, 41.5)",5.9,"( 5.5,  6.4)",47.5,"(43.3, 51.5)",83.8,"(80.8, 86.2)",25.9,"(23.3, 28.7)",55.6,"(54.0, 56.9)",85.1,"(83.0, 87.0)",25.9,"(23.4, 28.5)",55.4,"(53.7, 56.9)",8.7,"( 7.8,  9.6)",45.7,"(36.3, 55.3)","(42.39531976240, -82.9768484886)"
MI,Detroit,2622000,26163518000,2622000-26163518000,"2,264",14.1,"(11.2, 17.3)",27.2,"(25.9, 28.5)",18.1,"(17.4, 18.7)",37.7,"(36.4, 38.9)",77,"(75.9, 78.1)",5,"( 4.8,  5.2)",12.9,"(12.0, 14.0)",6.3,"( 5.7,  7.1)",74.2,"(73.3, 75.1)",69.6,"(66.9, 72.2)",63.4,"(59.1, 67.4)",8.2,"( 7.0,  9.5)",21.7,"(16.7, 26.7)",23.2,"(18.8, 27.6)",22.8,"(19.1, 26.4)",60.1,"(55.5, 64.5)",13.2,"(12.1, 14.3)",35.4,"(34.2, 36.8)",3.6,"( 3.3,  3.9)",27.3,"(24.2, 30.5)",85.5,"(82.7, 87.9)",16.1,"(14.2, 18.1)",39.4,"(37.8, 40.9)",85.6,"(83.5, 87.6)",14.5,"(12.8, 16.2)",45.2,"(43.3, 46.9)",4.5,"( 3.9,  5.2)",19.1,"(12.4, 27.8)","(42.36249877610, -83.0613712106)"
MI,Detroit,2622000,26163543000,2622000-26163543000,"1,814",10.7,"( 8.9, 12.9)",32.9,"(31.5, 34.3)",15.6,"(15.2, 16.1)",46.9,"(45.6, 48.2)",81.3,"(80.5, 82.1)",6.6,"( 6.3,  6.8)",12.4,"(11.7, 13.2)",7.2,"( 6.5,  7.9)",80.7,"(80.1, 81.3)",80.8,"(79.1, 82.4)",68.7,"(65.7, 71.3)",8.2,"( 7.1,  9.3)",26.6,"(22.3, 31.0)",28.5,"(25.1, 31.7)",19.3,"(16.6, 22.3)",67.1,"(63.3, 70.4)",15.3,"(14.2, 16.5)",39.8,"(38.8, 41.0)",3.8,"( 3.6,  4.1)",25,"(22.4, 27.9)",86.1,"(84.1, 87.8)",13,"(11.7, 14.4)",42.6,"(41.1, 44.2)",87.6,"(85.8, 89.1)",14.3,"(12.8, 15.9)",46,"(44.5, 47.6)",4.7,"( 4.1,  5.3)",13,"( 9.0, 18.2)","(42.40681060200, -83.2257350839)"
MI,Detroit,2622000,26163518600,2622000-26163518600,797,22.4,"(18.7, 26.2)",40.1,"(38.5, 41.6)",11.9,"(11.3, 12.6)",53.6,"(52.1, 54.9)",81.7,"(80.7, 82.8)",6.5,"( 6.2,  6.9)",15.6,"(14.3, 17.0)",11.5,"(10.4, 12.6)",79.3,"(78.4, 80.3)",71.5,"(69.1, 74.0)",52.2,"(47.8, 56.6)",14.9,"(13.0, 16.9)",16.8,"(13.1, 21.1)",16.7,"(13.5, 20.4)",32.4,"(28.6, 36.0)",41.8,"(37.3, 46.7)",22.9,"(21.4, 24.3)",43.7,"(42.0, 45.2)",6.1,"( 5.6,  6.6)",43.7,"(40.0, 47.2)",83.9,"(80.8, 86.7)",20.3,"(18.2, 22.5)",51.1,"(49.6, 52.3)",84.8,"(82.6, 86.9)",24.1,"(21.7, 26.6)",52.2,"(50.7, 53.6)",9.3,"( 8.2, 10.4)",36.9,"(26.7, 46.6)","(42.36472645150, -83.0294479142)"
MI,Detroit,2622000,26163520400,2622000-26163520400,"1,835",18,"(14.8, 21.5)",26.4,"(25.1, 27.6)",16.4,"(15.7, 17.0)",36.2,"(34.8, 37.4)",71.5,"(70.2, 72.8)",3.9,"( 3.7,  4.0)",13.8,"(12.9, 14.8)",6.6,"( 6.0,  7.3)",71.7,"(70.7, 72.6)",64.7,"(62.0, 67.3)",52.3,"(48.0, 56.5)",10,"( 8.7, 11.4)",20,"(16.4, 23.8)",20,"(16.7, 23.4)",29.2,"(25.3, 33.3)",48,"(43.2, 52.2)",13.6,"(12.7, 14.6)",34.2,"(32.9, 35.5)",3.9,"( 3.6,  4.2)",32.5,"(29.2, 36.1)",84.3,"(81.4, 86.5)",20,"(18.0, 22.1)",44.4,"(42.8, 46.0)",84.6,"(82.3, 86.7)",17.6,"(15.9, 19.6)",48.9,"(47.2, 50.6)",4.9,"( 4.4,  5.5)",26.5,"(19.3, 35.1)","(42.34815612560, -83.0675931006)"
MI,Detroit,2622000,26163503900,2622000-26163503900,"2,250",17.2,"(14.5, 20.0)",31.8,"(30.7, 32.9)",15.5,"(14.9, 16.0)",46.1,"(44.8, 47.2)",78.1,"(77.1, 79.1)",5.2,"( 5.0,  5.4)",14,"(13.2, 15.0)",7.2,"( 6.7,  7.8)",78.5,"(77.7, 79.3)",73,"(70.8, 75.0)",60.8,"(57.1, 64.0)",9.9,"( 8.9, 11.1)",20.2,"(16.0, 24.3)",22.2,"(19.0, 25.9)",27.7,"(24.8, 30.6)",53,"(49.0, 56.9)",16.7,"(15.8, 17.7)",38,"(36.8, 39.2)",4.2,"( 3.9,  4.4)",33.4,"(30.5, 36.1)",84.9,"(82.8, 86.7)",17.2,"(15.8, 18.8)",48,"(46.7, 49.1)",86.1,"(84.2, 87.8)",17.6,"(16.0, 19.1)",51.2,"(49.8, 52.4)",5.6,"( 5.1,  6.2)",23.1,"(17.0, 29.7)","(42.41345368200, -82.9873461482)"
MI,Detroit,2622000,26163532300,2622000-26163532300,962,8.9,"( 7.4, 10.8)",30.2,"(28.9, 31.6)",17.8,"(17.3, 18.3)",43.1,"(41.8, 44.5)",80.8,"(79.9, 81.7)",6.9,"( 6.6,  7.2)",11.1,"(10.6, 11.7)",6.4,"( 5.8,  7.0)",80.4,"(79.9, 81.0)",82.8,"(81.2, 84.3)",72.4,"(69.5, 74.8)",6.5,"( 5.6,  7.5)",29.2,"(25.2, 33.2)",30.7,"(27.1, 34.2)",16,"(13.4, 18.8)",73.3,"(69.9, 76.4)",13.1,"(12.1, 14.1)",37.3,"(36.2, 38.3)",3.4,"( 3.1,  3.6)",21.3,"(18.9, 23.9)",85.9,"(84.0, 87.5)",10.9,"( 9.8, 12.1)",38.1,"(36.4, 39.8)",87.7,"(86.0, 89.3)",11.7,"(10.5, 13.1)",43.7,"(42.0, 45.5)",3.9,"( 3.5,  4.5)",10.2,"( 6.8, 14.2)","(42.38403761750, -83.0891147363)"
MI,Detroit,2622000,26163520200,2622000-26163520200,"2,571",12.9,"(11.0, 15.1)",12.9,"(12.4, 13.4)",22.4,"(21.7, 23.2)",18.7,"(18.0, 19.4)",54,"(52.7, 55.3)",2.2,"( 2.2,  2.3)",11.5,"(10.9, 12.5)",2.7,"( 2.6,  2.9)",66,"(65.0, 67.0)",56.2,"(53.7, 58.6)",59.9,"(57.9, 61.8)",4.8,"( 4.3,  5.4)",24.2,"(21.1, 27.1)",27.7,"(24.9, 30.5)",20.5,"(17.6, 23.7)",62,"(58.0, 65.7)",5.1,"( 4.8,  5.3)",22.2,"(21.5, 23.0)",1.8,"( 1.8,  1.9)",20.7,"(18.6, 23.2)",83.2,"(81.6, 84.6)",16.5,"(14.6, 18.4)",28.3,"(26.8, 29.6)",81.1,"(79.2, 82.7)",9.3,"( 8.5, 10.3)",42.4,"(40.4, 44.1)",1.7,"( 1.6,  1.8)",16.7,"(12.5, 21.5)","(42.35721417420, -83.0699378048)"
MI,Detroit,2622000,26163516300,2622000-26163516300,890,25,"(20.5, 29.4)",43.2,"(41.6, 44.7)",11,"(10.4, 11.6)",54.6,"(53.0, 56.0)",82.5,"(81.5, 83.6)",6.9,"( 6.5,  7.3)",15.5,"(14.3, 16.9)",14.3,"(13.0, 15.6)",78.8,"(77.8, 79.8)",73.3,"(70.7, 75.9)",47.3,"(42.8, 51.8)",17.8,"(15.8, 20.0)",15.8,"(12.4, 19.7)",14.6,"(11.7, 18.3)",34.8,"(31.2, 38.3)",36,"(31.9, 40.5)",26.3,"(24.7, 27.9)",44.3,"(42.6, 46.0)",7.3,"( 6.7,  7.9)",48.1,"(44.5, 51.5)",83.3,"(80.4, 85.9)",21.6,"(19.6, 23.8)",53.4,"(52.0, 54.7)",83.8,"(81.3, 86.1)",27.7,"(25.3, 30.3)",52.8,"(51.3, 54.2)",11.6,"(10.3, 13.0)",43.5,"(31.5, 53.5)","(42.35957132070, -83.0152241809)"
MI,Detroit,2622000,26163543800,2622000-26163543800,"1,093",18,"(14.7, 21.5)",32.2,"(31.0, 33.5)",15.4,"(14.7, 15.9)",46.1,"(44.6, 47.5)",76.1,"(74.9, 77.2)",5.2,"( 5.1,  5.4)",13.9,"(12.9, 15.0)",8.2,"( 7.6,  8.9)",75.5,"(74.5, 76.4)",68.7,"(66.0, 71.5)",55.3,"(51.5, 58.8)",11.4,"(10.2, 12.8)",22.9,"(18.7, 27.4)",22,"(18.8, 25.5)",30.1,"(26.2, 33.8)",49.8,"(45.5, 54.3)",16.2,"(15.1, 17.2)",40.6,"(39.2, 42.2)",4.3,"( 4.1,  4.6)",34.3,"(30.9, 37.6)",82.9,"(80.5, 85.0)",18.8,"(16.9, 20.8)",47.8,"(46.2, 49.1)",85.8,"(83.5, 87.8)",19.3,"(17.6, 21.2)",49.9,"(48.2, 51.3)",5.8,"( 5.2,  6.4)",25.4,"(18.8, 32.9)","(42.38940718670, -83.2540331743)"
MI,Detroit,2622000,26163516200,2622000-26163516200,774,22.3,"(18.0, 26.2)",38.7,"(37.1, 40.3)",12.5,"(11.8, 13.2)",52.3,"(50.7, 53.7)",80.7,"(79.6, 81.8)",5.9,"( 5.6,  6.3)",15.4,"(14.1, 16.9)",10.9,"( 9.8, 12.0)",78.5,"(77.5, 79.5)",71.5,"(68.8, 74.3)",50.8,"(45.4, 56.0)",14.7,"(12.7, 16.7)",16.9,"(13.2, 20.8)",17,"(13.7, 20.6)",33.4,"(29.3, 37.2)",40.9,"(36.2, 45.7)",22.8,"(21.2, 24.3)",42.5,"(40.8, 44.1)",5.9,"( 5.5,  6.4)",43,"(39.0, 46.7)",83.7,"(80.6, 86.5)",20.8,"(18.7, 22.9)",52.6,"(51.0, 54.0)",85.4,"(83.1, 87.5)",24.1,"(21.6, 26.6)",53.1,"(51.4, 54.6)",9,"( 7.9, 10.1)",37.1,"(27.0, 47.3)","(42.36615587230, -83.0189390239)"
MI,Detroit,2622000,26163524500,2622000-26163524500,"1,264",34.7,"(30.1, 39.0)",29.4,"(28.3, 30.4)",16.9,"(16.3, 17.6)",36.9,"(35.9, 37.8)",69.3,"(68.1, 70.3)",4.6,"( 4.4,  4.8)",12.9,"(12.0, 13.8)",8.8,"( 8.1,  9.4)",63.8,"(62.7, 64.9)",56.8,"(54.4, 59.2)",44.3,"(40.9, 48.1)",13.3,"(12.0, 14.5)",19.4,"(15.0, 24.6)",19.2,"(15.8, 23.5)",34.2,"(30.8, 37.1)",39.4,"(35.8, 43.7)",14.4,"(13.6, 15.2)",42.6,"(41.3, 43.9)",4.5,"( 4.2,  4.7)",42.4,"(39.2, 45.2)",76.5,"(73.7, 79.2)",22.5,"(20.6, 24.4)",44.4,"(43.3, 45.6)",82.4,"(80.4, 84.5)",23.3,"(21.4, 25.0)",45.6,"(44.3, 46.9)",5.2,"( 4.8,  5.6)",33.9,"(25.4, 41.8)","(42.28683437990, -83.1520078010)"
MI,Detroit,2622000,26163501700,2622000-26163501700,"2,357",20.4,"(17.2, 23.4)",37.4,"(36.3, 38.5)",14.4,"(13.8, 15.0)",46.9,"(45.8, 48.0)",78.4,"(77.4, 79.3)",7,"( 6.7,  7.3)",14.3,"(13.4, 15.3)",10.9,"(10.1, 11.6)",75.8,"(74.9, 76.6)",71.2,"(69.0, 73.3)",52.8,"(49.3, 55.9)",14.1,"(12.9, 15.5)",22.3,"(18.9, 26.0)",19,"(15.9, 22.2)",31.5,"(28.8, 34.3)",46.6,"(43.1, 50.3)",17.7,"(16.8, 18.6)",41.8,"(40.7, 43.2)",5.3,"( 5.0,  5.6)",39.1,"(36.4, 41.9)",81,"(78.5, 83.1)",19.7,"(18.3, 21.3)",46.3,"(45.2, 47.2)",84.2,"(82.4, 85.9)",22.1,"(20.5, 23.9)",49,"(47.9, 50.0)",7.4,"( 6.7,  8.2)",30.9,"(23.7, 38.3)","(42.40424250070, -82.9212934609)"
MI,Detroit,2622000,26163532700,2622000-26163532700,962,17.3,"(13.7, 20.8)",31.9,"(30.3, 33.5)",15.6,"(14.9, 16.2)",47,"(45.4, 48.5)",79.2,"(78.1, 80.3)",5.8,"( 5.5,  6.1)",13.9,"(12.6, 15.1)",7.9,"( 7.0,  8.7)",78.8,"(77.8, 79.7)",72.6,"(69.6, 75.6)",61.9,"(57.2, 66.2)",9.6,"( 8.2, 11.1)",20.8,"(16.2, 25.7)",21.9,"(17.9, 26.2)",25.7,"(21.8, 29.4)",55.6,"(50.7, 60.7)",16.3,"(15.0, 17.5)",38.9,"(37.2, 40.6)",4.2,"( 3.9,  4.5)",32.5,"(28.8, 35.9)",84.8,"(81.8, 87.3)",16.2,"(14.1, 18.0)",44.2,"(42.6, 45.7)",85.3,"(83.0, 87.7)",16.9,"(14.8, 18.9)",49.2,"(47.3, 50.8)",5.8,"( 5.1,  6.6)",24,"(16.1, 33.0)","(42.37524775550, -83.0927711863)"
MI,Detroit,2622000,26163522100,2622000-26163522100,950,19.2,"(16.3, 22.6)",37,"(35.7, 38.3)",13.5,"(12.9, 14.1)",51.7,"(50.3, 53.0)",81.5,"(80.4, 82.4)",6.2,"( 5.9,  6.5)",13.9,"(13.0, 15.0)",10,"( 9.2, 11.0)",78.8,"(78.0, 79.6)",73.4,"(71.0, 75.6)",56.1,"(51.8, 60.0)",12.2,"(10.8, 13.7)",18.9,"(14.9, 23.1)",18.2,"(14.4, 22.2)",28.5,"(25.4, 31.6)",48.5,"(44.5, 52.3)",20.9,"(19.7, 22.2)",42.2,"(40.8, 43.7)",5.4,"( 5.0,  5.8)",38.1,"(35.0, 41.3)",84.3,"(81.7, 86.5)",18,"(16.5, 19.6)",49.8,"(48.5, 50.9)",85.9,"(83.7, 87.7)",21,"(19.1, 22.9)",51.3,"(49.9, 52.4)",7.7,"( 6.9,  8.7)",29.2,"(20.9, 39.0)","(42.34350916890, -83.1014140412)"
MI,Detroit,2622000,26163533700,2622000-26163533700,"1,242",19.4,"(15.6, 23.1)",37.3,"(35.7, 38.9)",13.4,"(12.7, 14.0)",53.2,"(51.6, 54.6)",81.5,"(80.5, 82.5)",6.5,"( 6.1,  6.9)",14.4,"(13.3, 15.7)",10,"( 9.0, 11.1)",79.5,"(78.6, 80.4)",72.1,"(69.6, 74.5)",57.3,"(52.5, 61.8)",12.4,"(10.7, 14.3)",18.3,"(13.9, 23.2)",19.2,"(15.4, 23.2)",28.5,"(25.0, 32.2)",48.3,"(43.3, 52.8)",20.6,"(19.1, 22.0)",42.9,"(41.3, 44.5)",5.4,"( 5.0,  5.9)",38.3,"(34.5, 42.2)",84.6,"(81.6, 87.1)",17.9,"(16.1, 19.8)",49,"(47.5, 50.4)",86.1,"(83.7, 88.2)",20.8,"(18.6, 23.2)",51.1,"(49.5, 52.5)",7.9,"( 6.9,  9.0)",29.4,"(19.9, 39.9)","(42.35690410540, -83.1335478366)"
MI,Detroit,2622000,26163985100,2622000-26163985100,123,12.8,"(10.9, 15.1)",22.8,"(21.7, 23.9)",22.5,"(21.8, 23.3)",36.2,"(34.7, 37.5)",70.1,"(68.7, 71.6)",4,"( 3.8,  4.2)",11.5,"(10.9, 12.2)",4.3,"( 3.9,  4.7)",74.1,"(73.3, 74.9)",74,"(72.0, 75.9)",63.1,"(59.1, 66.5)",6.2,"( 5.5,  7.0)",27,"(18.2, 36.4)",33.3,"(27.2, 39.8)",24.8,"(21.5, 27.9)",63.1,"(59.5, 66.5)",10.1,"( 9.4, 10.9)",31.1,"(30.0, 32.1)",2.7,"( 2.5,  2.9)",23.2,"(20.7, 25.8)",85.9,"(83.3, 88.2)",14.4,"(13.2, 15.7)",43.2,"(41.3, 44.7)",87.8,"(86.3, 89.3)",12.4,"(11.2, 13.6)",49.3,"(47.6, 50.8)",3,"( 2.7,  3.4)",15.4,"( 7.8, 26.0)","(42.38029523100, -83.0531368804)"
MI,Detroit,2622000,26163505000,2622000-26163505000,"1,263",16.7,"(14.0, 19.7)",27.3,"(26.3, 28.2)",17.5,"(16.8, 18.3)",40.6,"(39.4, 41.8)",73.9,"(72.7, 75.1)",4.4,"( 4.2,  4.6)",13.9,"(13.0, 14.9)",5.5,"( 5.1,  5.9)",77,"(76.1, 77.9)",70.3,"(67.6, 72.8)",61.2,"(57.4, 64.4)",8.4,"( 7.5,  9.3)",21.4,"(17.9, 25.1)",24.1,"(20.3, 27.8)",27.7,"(24.7, 30.5)",55.3,"(51.3, 59.1)",13.2,"(12.5, 14.0)",34.3,"(33.0, 35.6)",3.4,"( 3.2,  3.6)",30.6,"(27.8, 33.3)",85.3,"(82.8, 87.1)",17.3,"(15.9, 18.8)",45.9,"(44.7, 47.0)",86.1,"(84.4, 87.8)",15.6,"(14.4, 16.9)",51.2,"(49.9, 52.3)",4.3,"( 3.9,  4.7)",20.9,"(15.9, 26.8)","(42.43910076790, -83.0087281587)"
